/* Creamos algunos usuarios */
INSERT INTO `usuarios` (id, username, password, enabled, email) VALUES (1, 'andres', '$2a$10$scI9Ux72eyjCwV8nEKo8euCno9WHK0hrq9WNzjCe4mBlssbX3Gki6', 1, 'andres@correo.com');
INSERT INTO `usuarios` (id, username, password, enabled, email) VALUES (2, 'admin', '$2a$10$dPlyFSQjGIx1CJzwh5cIt.GTt6XbdYQ6Zlo.u5QGTjNhzMqgYcPRm', 1, 'admin@correo.com');
INSERT INTO `usuarios` (id, username, password, enabled, email) VALUES (3, 'angel', '$2a$10$scI9Ux72eyjCwV8nEKo8euCno9WHK0hrq9WNzjCe4mBlssbX3Gki6', 1, 'angel@correo.com');
INSERT INTO `usuarios` (id, username, password, enabled, email) VALUES (4, 'Nicholson Bass', '$2a$10$scI9Ux72eyjCwV8nEKo8euCno9WHK0hrq9WNzjCe4mBlssbX3Gki6', true, 'nicholsonbass@boilcat.com');
INSERT INTO `usuarios` (id, username, password, enabled, email) VALUES (5, 'Mason Gates', '$2a$10$scI9Ux72eyjCwV8nEKo8euCno9WHK0hrq9WNzjCe4mBlssbX3Gki6', true, 'masongates@boilcat.com');
INSERT INTO `usuarios` (id, username, password, enabled, email) VALUES (6, 'Cortez Oneill', '$2a$10$scI9Ux72eyjCwV8nEKo8euCno9WHK0hrq9WNzjCe4mBlssbX3Gki6', true, 'cortezoneill@boilcat.com');
INSERT INTO `usuarios` (id, username, password, enabled, email) VALUES (7, 'Francine Hyde', '$2a$10$scI9Ux72eyjCwV8nEKo8euCno9WHK0hrq9WNzjCe4mBlssbX3Gki6', true, 'francinehyde@boilcat.com');
INSERT INTO `usuarios` (id, username, password, enabled, email) VALUES (8, 'Parrish Combs', '$2a$10$scI9Ux72eyjCwV8nEKo8euCno9WHK0hrq9WNzjCe4mBlssbX3Gki6', true, 'parrishcombs@boilcat.com');
INSERT INTO `usuarios` (id, username, password, enabled, email) VALUES (9, 'Tyson Lawrence', '$2a$10$scI9Ux72eyjCwV8nEKo8euCno9WHK0hrq9WNzjCe4mBlssbX3Gki6', true, 'tysonlawrence@boilcat.com');
INSERT INTO `usuarios` (id, username, password, enabled, email) VALUES (10, 'Olivia Moon', '$2a$10$scI9Ux72eyjCwV8nEKo8euCno9WHK0hrq9WNzjCe4mBlssbX3Gki6', true, 'oliviamoon@boilcat.com');
INSERT INTO `usuarios` (id, username, password, enabled, email) VALUES (11, 'Concepcion Stone', '$2a$10$scI9Ux72eyjCwV8nEKo8euCno9WHK0hrq9WNzjCe4mBlssbX3Gki6', true, 'concepcionstone@boilcat.com');
INSERT INTO `usuarios` (id, username, password, enabled, email) VALUES (12, 'Fay Walsh', '$2a$10$scI9Ux72eyjCwV8nEKo8euCno9WHK0hrq9WNzjCe4mBlssbX3Gki6', true, 'faywalsh@boilcat.com');
INSERT INTO `usuarios` (id, username, password, enabled, email) VALUES (13, 'Lancaster Mejia', '$2a$10$scI9Ux72eyjCwV8nEKo8euCno9WHK0hrq9WNzjCe4mBlssbX3Gki6', true, 'lancastermejia@boilcat.com');
INSERT INTO `usuarios` (id, username, password, enabled, email) VALUES (14, 'Juliet Nixon', '$2a$10$scI9Ux72eyjCwV8nEKo8euCno9WHK0hrq9WNzjCe4mBlssbX3Gki6', true, 'julietnixon@boilcat.com');
INSERT INTO `usuarios` (id, username, password, enabled, email) VALUES (15, 'Maggie Glover', '$2a$10$scI9Ux72eyjCwV8nEKo8euCno9WHK0hrq9WNzjCe4mBlssbX3Gki6', true, 'maggieglover@boilcat.com');
INSERT INTO `usuarios` (id, username, password, enabled, email) VALUES (16, 'Lynette Olsen', '$2a$10$scI9Ux72eyjCwV8nEKo8euCno9WHK0hrq9WNzjCe4mBlssbX3Gki6', true, 'lynetteolsen@boilcat.com');
INSERT INTO `usuarios` (id, username, password, enabled, email) VALUES (17, 'Lott Arnold', '$2a$10$scI9Ux72eyjCwV8nEKo8euCno9WHK0hrq9WNzjCe4mBlssbX3Gki6', true, 'lottarnold@boilcat.com');
INSERT INTO `usuarios` (id, username, password, enabled, email) VALUES (18, 'Franklin Leon', '$2a$10$scI9Ux72eyjCwV8nEKo8euCno9WHK0hrq9WNzjCe4mBlssbX3Gki6', true, 'franklinleon@boilcat.com');
INSERT INTO `usuarios` (id, username, password, enabled, email) VALUES (19, 'Clare Cole', '$2a$10$scI9Ux72eyjCwV8nEKo8euCno9WHK0hrq9WNzjCe4mBlssbX3Gki6', true, 'clarecole@boilcat.com');
INSERT INTO `usuarios` (id, username, password, enabled, email) VALUES (20, 'Quinn Huber', '$2a$10$scI9Ux72eyjCwV8nEKo8euCno9WHK0hrq9WNzjCe4mBlssbX3Gki6', true, 'quinnhuber@boilcat.com');
INSERT INTO `usuarios` (id, username, password, enabled, email) VALUES (21, 'Ratliff Lindsey', '$2a$10$scI9Ux72eyjCwV8nEKo8euCno9WHK0hrq9WNzjCe4mBlssbX3Gki6', true, 'ratlifflindsey@boilcat.com');
INSERT INTO `usuarios` (id, username, password, enabled, email) VALUES (22, 'Mills Melton', '$2a$10$scI9Ux72eyjCwV8nEKo8euCno9WHK0hrq9WNzjCe4mBlssbX3Gki6', false, 'millsmelton@boilcat.com');
INSERT INTO `usuarios` (id, username, password, enabled, email) VALUES (23, 'Petty Mccormick', '$2a$10$scI9Ux72eyjCwV8nEKo8euCno9WHK0hrq9WNzjCe4mBlssbX3Gki6', false, 'pettymccormick@boilcat.com');

/* Creamos algunos roles de usuario */
INSERT INTO `authorities` (usuario_id, authority) VALUES (1, 'ROLE_USER');
INSERT INTO `authorities` (usuario_id, authority) VALUES (2, 'ROLE_ADMIN');
INSERT INTO `authorities` (usuario_id, authority) VALUES (2, 'ROLE_USER');
INSERT INTO `authorities` (usuario_id, authority) VALUES (3, 'ROLE_USER');
INSERT INTO `authorities` (usuario_id, authority) VALUES (4, 'ROLE_USER');
INSERT INTO `authorities` (usuario_id, authority) VALUES (5, 'ROLE_USER');
INSERT INTO `authorities` (usuario_id, authority) VALUES (6, 'ROLE_USER');
INSERT INTO `authorities` (usuario_id, authority) VALUES (7, 'ROLE_USER');
INSERT INTO `authorities` (usuario_id, authority) VALUES (8, 'ROLE_USER');
INSERT INTO `authorities` (usuario_id, authority) VALUES (9, 'ROLE_USER');
INSERT INTO `authorities` (usuario_id, authority) VALUES (10, 'ROLE_USER');
INSERT INTO `authorities` (usuario_id, authority) VALUES (11, 'ROLE_USER');
INSERT INTO `authorities` (usuario_id, authority) VALUES (12, 'ROLE_USER');
INSERT INTO `authorities` (usuario_id, authority) VALUES (13, 'ROLE_USER');
INSERT INTO `authorities` (usuario_id, authority) VALUES (14, 'ROLE_USER');
INSERT INTO `authorities` (usuario_id, authority) VALUES (15, 'ROLE_USER');
INSERT INTO `authorities` (usuario_id, authority) VALUES (16, 'ROLE_USER');
INSERT INTO `authorities` (usuario_id, authority) VALUES (17, 'ROLE_USER');
INSERT INTO `authorities` (usuario_id, authority) VALUES (18, 'ROLE_USER');
INSERT INTO `authorities` (usuario_id, authority) VALUES (19, 'ROLE_USER');
INSERT INTO `authorities` (usuario_id, authority) VALUES (20, 'ROLE_USER');
INSERT INTO `authorities` (usuario_id, authority) VALUES (21, 'ROLE_USER');
INSERT INTO `authorities` (usuario_id, authority) VALUES (22, 'ROLE_USER');
INSERT INTO `authorities` (usuario_id, authority) VALUES (23, 'ROLE_USER');

/* Creamos algunos cines */
INSERT INTO `cines` (id, nombre, localizacion) VALUES (1, 'cinedix fuenlabrada', 'fuenlabrada');
INSERT INTO `cines` (id, nombre, localizacion) VALUES (2, 'cinedix getafe', 'getafe');
INSERT INTO `cines` (id, nombre, localizacion) VALUES (3, 'cinedix mostoles', 'mostoles');
INSERT INTO `cines` (id, nombre, localizacion) VALUES (4, 'cinedix alcorcon', 'alcorcon');

/* Creamos algunas peliculas */
INSERT INTO `peliculas` (id, nombre, descripcion, ruta_imagen, estreno) VALUES (1, 'Los vengadores', 'El agente de S.H.I.E.L.D. Nick Furia ha reunido a un grupo de superhéroes para hacer frente a cualquier amenaza que llegue a la Tierra. El equipo lo forman Iron Man, Capitán América, Ojo de Halcón, Viuda Negra, Hulk y Thor.', 'febd5573-390f-49b6-9e15-68528cbc6dfa_losVengadores.png', false);
INSERT INTO `peliculas` (id, nombre, descripcion, ruta_imagen, estreno) VALUES (2, 'Jimmy neutron', 'Jimmy Neutrón es un niño genio que con sus inventos científicos hace su vida más entretenida. Se contacta con una raza extraterrestre y junto con su mejor amigo, Carl Wheezer, lanza un satélite en una tostadora. Luego de tener algunos inconvenientes con el aterrizaje, logra mandar el satélite y llegar a la escuela.', '75dd8cc2-fc8f-4d21-b8eb-78b46c520d39_jimmyNeutron.png', true);
INSERT INTO `peliculas` (id, nombre, descripcion, ruta_imagen, estreno) VALUES (3, 'Bob esponja', 'La existencia en Fondo Bikini, hogar de Bob Esponja y sus amigos, transcurre plácidamente hasta que todos ellos se embarcan en una odisea que los lleva a descubrir nuevos mundos y peligrosos monstruos.', '91016146-a663-4a1a-add7-12cb66a96061_bobEsponja.png', true);
INSERT INTO `peliculas` (id, nombre, descripcion, ruta_imagen, estreno) VALUES (4, 'Kimetsu no yaiba: Mugen Ressha-hen', 'Demon Slayer: Mugen Train cuenta la historia de Tanjiro Kamado y sus amigos de la Compañía de Cazadores de Demonios (Demon Slayer Corps). Juntos, se unen con uno de los mejores espadachines de la compañía, Kyojuro Rengoku, para investigar una misteriosa serie de desapariciones que han ocurrido dentro del “Tren Infinito”. Poco saben que Enmu, uno de los miembros de las Doce Lunas Demoníacas, también está a bordo y les ha preparado una trampa.', 'e6ab5166-ed95-4dff-bbb4-4fa1c5a60ee2_kimetsuNoYaiba.png', true);
INSERT INTO `peliculas` (id, nombre, descripcion, ruta_imagen, estreno) VALUES (5, '8 apellidos vascos', 'Rafa, un señorito andaluz que nunca ha salido de Sevilla, decide dejarlo todo para conquistar a Amaia, una chica vasca. Se muda al País Vasco y allí tendrá que adaptarse a un nuevo entorno y hacerse pasar por vasco para ganarse la aprobación del padre de Amaia.', 'aa9ae7da-367c-4365-b964-34aab94d8fd9_8ApellidosVascos.png', false);

/* Insertamos sesiones_peliculas */
INSERT INTO `sesiones_peliculas` (id, sitios_totales, hora_pelicula, cine_id, pelicula_id) VALUES (1, 30, NOW(), 1, 1);
INSERT INTO `sesiones_peliculas` (id, sitios_totales, hora_pelicula, cine_id, pelicula_id) VALUES (2, 30, NOW(), 1, 2);
INSERT INTO `sesiones_peliculas` (id, sitios_totales, hora_pelicula, cine_id, pelicula_id) VALUES (3, 30, NOW(), 1, 3);

INSERT INTO `sesiones_peliculas` (id, sitios_totales, hora_pelicula, cine_id, pelicula_id) VALUES (4, 30, NOW(), 2, 1);
INSERT INTO `sesiones_peliculas` (id, sitios_totales, hora_pelicula, cine_id, pelicula_id) VALUES (5, 30, NOW(), 2, 2);
INSERT INTO `sesiones_peliculas` (id, sitios_totales, hora_pelicula, cine_id, pelicula_id) VALUES (6, 30, NOW(), 2, 3);

/* Insertamos entradas */
INSERT INTO `entradas` (id, codigo, fecha_creacion, usuario_id, estado) VALUES (1, 'abdefgh', NOW(), 1, 'pagado');
INSERT INTO `entradas` (id, codigo, fecha_creacion, usuario_id, estado) VALUES (2, 'abdefyg', NOW(), 1, 'pagado');
INSERT INTO `entradas` (id, codigo, fecha_creacion, usuario_id, estado) VALUES (3, 'abdeegh', NOW(), 1, 'pagado');

INSERT INTO `entradas` (id, codigo, fecha_creacion, usuario_id, estado) VALUES (4, 'abdfngh', NOW(), 2, 'procesando');

INSERT INTO `entradas` (id, codigo, fecha_creacion, usuario_id, estado) VALUES (5, 'aidefgh', NOW(), 3, 'cancelado');

/* Insertamos sitios_ocupados */
INSERT INTO `sitios_ocupados` (id, sitio_ocupado, entrada_id, sesion_pelicula_id) VALUES (1, 25, 1, 1);
INSERT INTO `sitios_ocupados` (id, sitio_ocupado, entrada_id, sesion_pelicula_id) VALUES (2, 26, 1, 1);
INSERT INTO `sitios_ocupados` (id, sitio_ocupado, entrada_id, sesion_pelicula_id) VALUES (3, 27, 1, 1);
INSERT INTO `sitios_ocupados` (id, sitio_ocupado, entrada_id, sesion_pelicula_id) VALUES (4, 12, 2, 1);
INSERT INTO `sitios_ocupados` (id, sitio_ocupado, entrada_id, sesion_pelicula_id) VALUES (5, 5, 3, 1);

INSERT INTO `sitios_ocupados` (id, sitio_ocupado, entrada_id, sesion_pelicula_id) VALUES (6, 15, 4, 1);

INSERT INTO `sitios_ocupados` (id, sitio_ocupado, entrada_id, sesion_pelicula_id) VALUES (7, 18, 5, 2);








